,Original silhouette,Weighted silhouette,Embedding silhouette,KL divergence
0,0.01157972541855011,0.029243403614948787,0.04809392308520434,0.4498467236188306
