,Original silhouette,Weighted silhouette,Embedding silhouette,KL divergence
0,0.01157972541855011,0.046823584317575405,0.06256732616924368,0.29550235382012424
