,Original silhouette,Weighted silhouette,Embedding silhouette,KL divergence
0,0.01157972541855011,0.06847721562088542,0.09415162025573688,0.19313541831331982
