,Original silhouette,Weighted silhouette,Embedding silhouette,KL divergence
0,0.01157972541855011,0.013155040689641845,0.014040191199413347,0.5549863500488854
