,Original silhouette,Weighted silhouette,Embedding silhouette,KL divergence
0,0.01157972541855011,0.013400321603654272,0.0088117218175318,0.4509780447449696
