,Original silhouette,Weighted silhouette,Embedding silhouette,KL divergence
0,0.01157972541855011,0.01470790438357689,0.016894038308011613,0.4145081033092559
