,Original silhouette,Weighted silhouette,Embedding silhouette,KL divergence
0,0.01157972541855011,0.02828743302050701,0.02576672969901462,0.4164418548138542
