,Original silhouette,Weighted silhouette,Embedding silhouette,KL divergence
0,0.030142456901451307,0.10022717414180608,0.18053512810137548,0.45258303629613916
