,Original silhouette,Weighted silhouette,Embedding silhouette,KL divergence
0,0.030142456901451307,0.09879531556316366,0.17431420254430507,0.44918216743322414
