,Original silhouette,Weighted silhouette,Embedding silhouette,KL divergence
0,0.030142456901451307,0.12517642320418995,0.15870523694808972,0.31253275990728735
