,Original silhouette,Weighted silhouette,Embedding silhouette,KL divergence
0,0.030142456901451307,0.046978293502031164,0.020083413959643234,0.48309209497351535
