,Original silhouette,Weighted silhouette,Embedding silhouette,KL divergence
0,0.030142456901451307,0.07026732381918352,0.1644664463256142,0.47349629265489757
