,Original silhouette,Weighted silhouette,Embedding silhouette,KL divergence
0,0.030142456901451307,0.06474825033341314,0.07507916922699648,0.47493454049743455
