,Original silhouette,Weighted silhouette,Embedding silhouette,KL divergence
0,0.030142456901451307,0.07601142748784058,0.09920815072243672,0.4183511417838046
